"","x"
"1","grammar-preface.pdf_000000"
"2","grammar-preface.pdf_000001"
"3","grammar-preface.pdf_000002"
"4","grammar-preface.pdf_000003"
"5","grammar-preface.pdf_000004"
"6","grammar-preface.pdf_000005"
"7","grammar-preface.pdf_000006"
"8","grammar-preface.pdf_000007"
"9","grammar-preface.pdf_000008"
"10","grammar-preface.pdf_000009"
"11","grammar-preface.pdf_000010"
"12","grammar-preface.pdf_000011"
"13","grammar-preface.pdf_000012"
"14","grammar-preface.pdf_000013"
"15","grammar-preface.pdf_000014"
"16","grammar-preface.pdf_000015"
"17","grammar-preface.pdf_000016"
"18","grammar-preface.pdf_000017"
